AC,Ascension Island
AD,Andorra
AE,United Arab Emirates
AF,Afghanistan
AG,Antigua and Barbuda
AI,Anguilla 
AL,Albania
AM,Armenia
AN,Netherlands Antilles
AO,Angola
AQ,Antarctica
AR,Argentina
AS,American Samoa
AT,Austria
AU,Australia
AW,Aruba
AX,Åland Islands
AZ,Azerbaijan
BA,Bosnia and Herzegovina
BB,Barbados
BD,Bangladesh
BE,Belgium
BF,Burkina Faso
BG,Bulgaria
BH,Bahrain
BI,Burundi
BJ,Benin
BL,Saint Barthélemy
BM,Bermuda
BN,Brunei Darussalam
BO,Plurinational State of Bolivia
BQ,Bonaire Sint Eustatius and Saba 
BR,Brazil
BS,Bahamas
BT,Bhutan
BU,Burma
BV,Bouvet Island
BW,Botswana
BY,Belarus
BZ,Belize
CA,Canada
CC,Cocos (Keeling) Islands
CD,Congo Democratic Republic of the
CF,Central African Republic
CG,Congo
CH,Switzerland
CI,Côte d'Ivoire
CK,Cook Islands
CL,Chile
CM,Cameroon
CN,China
CO,Colombia
CP,Clipperton Island
CR,Costa Rica
CS,Serbia and Montenegro
CU,Cuba
CV,Cabo Verde
CW,Curaçao
CX,Christmas Island
CY,Cyprus
CZ,Czechia
DE,Germany
DG,Diego Garcia
DJ,Djibouti
DK,Denmark
DM,Dominica
DO,Dominican Republic
DY,Benin
DZ,Algeria
EA,Ceuta Melilla
EC,Ecuador
EE,Estonia
EG,Egypt
EH,Western Sahara
ER,Eritrea
ES,Spain
ET,Ethiopia
EU,European Union
EW,Estonia
EZ,Eurozone
FI,Finland
FJ,Fiji
FK,Falkland Islands 
FL,Liechtenstein
FM,Federated States of Micronesia 
FO,Faroe Islands
FR,France
FX,France Metropolitan
GA,Gabon
GB,United Kingdom of Great Britain and Northern Ireland
GD,Grenada
GE,Georgia 
GF,French Guiana
GG,Guernsey
GH,Ghana
GI,Gibraltar
GL,Greenland
GM,Gambia
GN,Guinea
GP,Guadeloupe
GQ,Equatorial Guinea
GR,Greece
GS,South Georgia and the South Sandwich Islands
GT,Guatemala
GU,Guam
GW,Guinea-Bissau
GY,Guyana
HK,Hong Kong
HM,Heard Island and McDonald Islands
HN,Honduras
HR,Croatia
HT,Haiti
HU,Hungary
IC,Canary Islands
ID,Indonesia
IE,Ireland
IL,Israel
IM,Isle of Man
IN,India
IO,British Indian Ocean Territory
IQ,Iraq
IR,Islamic Republic of Iran
IS,Iceland
IT,Italy
JA,Jamaica
JE,Jersey
JM,Jamaica
JO,Jordan
JP,Japan
KE,Kenya
KG,Kyrgyzstan
KH,Cambodia
KI,Kiribati
KM,Comoros
KN,Saint Kitts and Nevis
KP,Democratic People's Republic of Korea
KR,Republic of Korea
KW,Kuwait
KY,Cayman Islands
KZ,Kazakhstan
LA,Lao People's Democratic Republic
LB,Lebanon
LC,Saint Lucia
LF,Libya Fezzan
LI,Liechtenstein
LK,Sri Lanka
LR,Liberia
LS,Lesotho
LT,Lithuania
LU,Luxembourg
LV,Latvia
LY,Libya
MA,Morocco
MC,Monaco
MD,Republic of Moldova 
ME,Montenegro
MF,Saint Martin (French part)
MG,Madagascar
MH,Marshall Islands
MK,Formar Yugoslave Republic of Macedonia 
ML,Mali
MM,Myanmar
MN,Mongolia
MO,Macao
MP,Northern Mariana Islands
MQ,Martinique
MR,Mauritania
MS,Montserrat
MT,Malta
MU,Mauritius
MV,Maldives
MW,Malawi
MX,Mexico
MY,Malaysia
MZ,Mozambique
NA,Namibia
NC,New Caledonia
NE,Niger
NF,Norfolk Island
NG,Nigeria
NI,Nicaragua
NL,Netherlands
NO,Norway
NP,Nepal
NR,Nauru
NU,Niue
NZ,New Zealand
OM,Oman
PA,Panama
PE,Peru
PF,French Polynesia
PG,Papua New Guinea
PH,Philippines
PI,Philippines
PK,Pakistan
PL,Poland
PM,Saint Pierre and Miquelon
PN,Pitcairn
PR,Puerto Rico
PS,State of Palestine
PT,Portugal
PW,Palau
PY,Paraguay
QA,Qatar
RA,Argentina
BW,Botswana
RC,China
RE,Réunion
RH,Haiti
RI,Indonesia
RL,Lebanon
RM,Madagascar
RN,Niger
RO,Romania
RP,Philippines
RS,Serbia
RU,Russian Federation
RW,Rwanda
SA,Saudi Arabia
SB,Solomon Islands
SC,Seychelles
SD,Sudan
SE,Sweden
SF,Finland
SG,Singapore
SH,Saint Helena Ascension and Tristan da Cunha
SI,Slovenia
SJ,Svalbard and Jan Mayen
SK,Slovakia 
SL,Sierra Leone
SM,San Marino
SN,Senegal
SO,Somalia
SR,Suriname
SS,South Sudan
ST,Sao Tome and Principe
SR,Suriname
SV,El Salvador
SX,Sint Maarten (Dutch part)
SY,Syrian Arab Republic
SZ,Eswatini
TA,Tristan da Cunha
TC,Turks and Caicos Islands
TD,Chad
TF,French Southern Territories
TG,Togo
TH,Thailand
TJ,Tajikistan
TK,Tokelau
TL,Timor-Leste
TM,Turkmenistan
TN,Tunisia
TO,Tonga
TP,East Timor
TR,Turkey
TT,Trinidad and Tobago
TV,Tuvalu
TW,Taiwan 
TZ,United Republic of Tanzania 
UA,Ukraine
UG,Uganda
UK,United Kingdom
UM,United States Minor Outlying Islands
UN,United Nations
US,United States of America
UY,Uruguay
UZ,Uzbekistan
VA,Holy See
VC,Saint Vincent and the Grenadines
VE,Bolivarian Republic of Venezuela
VG,Virgin Islands (British)
VI,Virgin Islands (U.S.)
VN,Viet Nam
VU,Vanuatu
WF,Wallis and Futuna
WG,Grenada
WL,Saint Lucia
WS,Samoa
WV,Saint Vincent
YE,Yemen
YT,Mayotte
YU,Yugoslavia
YV,Venezuela
ZA,South Africa
ZM,Zambia
ZR,Zaire
ZW,Zimbabwe
